{
   "dashboards": [{
      "autoswitchEnabled": false,
      "columnCount": 1,
      "columnProportion": "1",
      "creationTime": 1545423259813,
      "dashboardNavigations": {},
      "description": "",
      "disabled": true,
      "gridsterMaxColumns": 12,
      "hidden": false,
      "homeTab": false,
      "id": "9d066e95-4c73-486d-ae2f-ee4c33673def",
      "importAttempts": 0,
      "importComplete": true,
      "isDefault": false,
      "locked": false,
      "name": "Brandon/Custom VM Summary",
      "namePath": "Brandon",
      "rank": 77,
      "shared": false,
      "states": [],
      "temporary": false,
      "userId": "e479f278-4702-44d0-bead-6bb3f18040e8",
      "widgetInteractions": [],
      "widgets": [
         {
            "collapsed": false,
            "config": {},
            "gridsterCoords": {
               "h": 6,
               "w": 4,
               "x": 1,
               "y": 1
            },
            "height": 324,
            "id": "f91ef658-9571-4a95-924e-3a7d602d7e43",
            "title": "Workload Pattern",
            "type": "IntSummaryStress"
         },
         {
            "collapsed": false,
            "config": {},
            "gridsterCoords": {
               "h": 6,
               "w": 4,
               "x": 5,
               "y": 7
            },
            "height": 324,
            "id": "c81e0913-6bb5-46e0-8c91-a5a049fed00e",
            "title": "Time Remaining",
            "type": "IntSummaryTimeRemaining"
         },
         {
            "collapsed": false,
            "config": {},
            "gridsterCoords": {
               "h": 6,
               "w": 4,
               "x": 1,
               "y": 7
            },
            "height": 324,
            "id": "c4273f65-77fc-4ff2-9caa-914eceff31f6",
            "title": "Capacity Remaining",
            "type": "IntSummaryCapacity"
         },
         {
            "collapsed": false,
            "config": {
               "metric": {
                  "mode": "resourceKind",
                  "resourceKindMetrics": [
                     {
                        "colorMethod": 1,
                        "id": "extModel30648-1",
                        "isStringMetric": false,
                        "metricKey": "sys|poweredOn",
                        "metricName": "System|Powered ON",
                        "metricUnitId": null,
                        "resourceKindId": "resourceKind:id:0_::_",
                        "resourceKindName": "Virtual Machine",
                        "unit": null
                     },
                     {
                        "colorMethod": 1,
                        "id": "extModel59431-5",
                        "isStringMetric": true,
                        "metricKey": "summary|guest|fullName",
                        "metricName": "Summary|Guest Operating System|Guest OS Full Name",
                        "metricUnitId": null,
                        "resourceKindId": "resourceKind:id:0_::_",
                        "resourceKindName": "Virtual Machine",
                        "unit": null
                     },
                     {
                        "colorMethod": 1,
                        "id": "extModel59431-6",
                        "isStringMetric": true,
                        "metricKey": "summary|guest|toolsRunningStatus",
                        "metricName": "Summary|Guest Operating System|Tools Running Status",
                        "metricUnitId": null,
                        "resourceKindId": "resourceKind:id:0_::_",
                        "resourceKindName": "Virtual Machine",
                        "unit": null
                     },
                     {
                        "colorMethod": 1,
                        "id": "extModel59431-7",
                        "isStringMetric": true,
                        "metricKey": "summary|guest|toolsVersion",
                        "metricName": "Summary|Guest Operating System|Tools Version",
                        "metricUnitId": null,
                        "resourceKindId": "resourceKind:id:0_::_",
                        "resourceKindName": "Virtual Machine",
                        "unit": null
                     },
                     {
                        "colorMethod": 1,
                        "id": "extModel59431-8",
                        "isStringMetric": true,
                        "metricKey": "summary|guest|toolsVersionStatus2",
                        "metricName": "Summary|Guest Operating System|Tools Version Status",
                        "metricUnitId": null,
                        "resourceKindId": "resourceKind:id:0_::_",
                        "resourceKindName": "Virtual Machine",
                        "unit": null
                     },
                     {
                        "colorMethod": 1,
                        "id": "extModel59431-9",
                        "isStringMetric": true,
                        "metricKey": "summary|tag",
                        "metricName": "Summary|vSphere Tag",
                        "metricUnitId": null,
                        "resourceKindId": "resourceKind:id:0_::_",
                        "resourceKindName": "Virtual Machine",
                        "unit": null
                     }
                  ],
                  "resourceMetrics": []
               },
               "refreshContent": {"refreshContent": false},
               "refreshInterval": 300,
               "relationshipMode": 0,
               "resInteractionMode": null,
               "selfProvider": {"selfProvider": false},
               "title": "Properties",
               "visualTheme": 2
            },
            "gridsterCoords": {
               "h": 6,
               "w": 6,
               "x": 7,
               "y": 13
            },
            "height": 324,
            "id": "779a4ec9-b3ce-4bbd-875e-50997a77aadf",
            "title": "Properties",
            "type": "PropertyList"
         },
         {
            "collapsed": false,
            "config": {
               "boxColumns": 1,
               "boxHeight": null,
               "labelSize": 12,
               "maxCellCount": 100,
               "metric": {
                  "mode": "resourceKind",
                  "resourceKindMetrics": [
                     {
                        "colorMethod": 0,
                        "id": "extModel46293-6",
                        "isStringMetric": false,
                        "label": "vCPUs to Reclaim",
                        "link": "",
                        "metricKey": "summary|oversized|vcpus",
                        "metricName": "Summary|Oversized|Virtual CPUs",
                        "metricUnitId": null,
                        "orangeBound": 1000,
                        "redBound": 1001,
                        "resourceKindId": "resourceKind:id:0_::_",
                        "resourceKindName": "Virtual Machine",
                        "unit": "",
                        "yellowBound": 1
                     },
                     {
                        "colorMethod": 0,
                        "id": "extModel46293-5",
                        "isStringMetric": false,
                        "label": "Memory to Reclaim",
                        "link": "",
                        "metricKey": "summary|oversized|memory",
                        "metricName": "Summary|Oversized|Memory",
                        "metricUnitId": "gb",
                        "orangeBound": 1099511627776,
                        "redBound": 1099511627777,
                        "resourceKindId": "resourceKind:id:0_::_",
                        "resourceKindName": "Virtual Machine",
                        "unit": "GB",
                        "yellowBound": 1
                     },
                     {
                        "colorMethod": 0,
                        "id": "extModel46293-9",
                        "isStringMetric": false,
                        "label": "vCPUs to Add",
                        "link": "",
                        "metricKey": "summary|undersized|vcpus",
                        "metricName": "Summary|Undersized|Virtual CPUs",
                        "metricUnitId": null,
                        "orangeBound": 1000,
                        "redBound": 1001,
                        "resourceKindId": "resourceKind:id:0_::_",
                        "resourceKindName": "Virtual Machine",
                        "unit": "",
                        "yellowBound": 1
                     },
                     {
                        "colorMethod": 0,
                        "id": "extModel46293-8",
                        "isStringMetric": false,
                        "label": "Memory to Add",
                        "link": "",
                        "metricKey": "summary|undersized|memory",
                        "metricName": "Summary|Undersized|Memory",
                        "metricUnitId": "gb",
                        "orangeBound": 1099511627776,
                        "redBound": 1099511627777,
                        "resourceKindId": "resourceKind:id:0_::_",
                        "resourceKindName": "Virtual Machine",
                        "unit": "GB",
                        "yellowBound": 1
                     },
                     {
                        "colorMethod": 0,
                        "id": "extModel46293-1",
                        "isStringMetric": false,
                        "label": "",
                        "link": "",
                        "metricKey": "summary|idle",
                        "metricName": "Summary|Reclaimable Idle",
                        "metricUnitId": null,
                        "orangeBound": 2,
                        "redBound": 3,
                        "resourceKindId": "resourceKind:id:0_::_",
                        "resourceKindName": "Virtual Machine",
                        "unit": "",
                        "yellowBound": 1
                     },
                     {
                        "colorMethod": 0,
                        "id": "extModel46293-2",
                        "isStringMetric": false,
                        "label": "",
                        "link": "",
                        "metricKey": "summary|poweredOff",
                        "metricName": "Summary|Reclaimable Powered Off",
                        "metricUnitId": null,
                        "orangeBound": 2,
                        "redBound": 3,
                        "resourceKindId": "resourceKind:id:0_::_",
                        "resourceKindName": "Virtual Machine",
                        "unit": "",
                        "yellowBound": 1
                     },
                     {
                        "colorMethod": 0,
                        "id": "extModel46293-3",
                        "isStringMetric": false,
                        "label": "",
                        "link": "",
                        "metricKey": "summary|snapshotSpace",
                        "metricName": "Summary|Reclaimable Snapshot Space",
                        "metricUnitId": -1,
                        "orangeBound": 2,
                        "redBound": 3,
                        "resourceKindId": "resourceKind:id:0_::_",
                        "resourceKindName": "Virtual Machine",
                        "unit": "Auto",
                        "yellowBound": 1
                     }
                  ],
                  "resourceMetrics": []
               },
               "mode": {"layoutMode": "fixedView"},
               "periodLength": null,
               "refreshContent": {"refreshContent": false},
               "refreshInterval": 300,
               "relationshipMode": 0,
               "resInteractionMode": null,
               "roundDecimals": null,
               "selfProvider": {"selfProvider": false},
               "showDT": {"showDT": false},
               "showMetricName": {"showMetricName": true},
               "showMetricUnit": {"showMetricUnit": true},
               "showResourceName": {"showResourceName": false},
               "showSparkline": {"showSparkline": false},
               "title": "Reclamation and Rightsizing",
               "valueSize": 24,
               "visualTheme": 7
            },
            "gridsterCoords": {
               "h": 6,
               "w": 4,
               "x": 9,
               "y": 7
            },
            "height": 324,
            "id": "d5bd9f83-a320-4579-863d-e61dbd9bde54",
            "title": "Reclamation and Rightsizing",
            "type": "Scoreboard"
         },
         {
            "collapsed": false,
            "config": {
               "boxColumns": 1,
               "boxHeight": null,
               "labelSize": 12,
               "maxCellCount": 100,
               "metric": {
                  "mode": "resourceKind",
                  "resourceKindMetrics": [
                     {
                        "colorMethod": 0,
                        "id": "extModel60480-1",
                        "isStringMetric": false,
                        "label": "",
                        "link": "",
                        "metricKey": "cpu|corecount_provisioned",
                        "metricName": "CPU|Provisioned vCPU(s)",
                        "metricUnitId": "7004",
                        "orangeBound": 0,
                        "redBound": 0,
                        "resourceKindId": "resourceKind:id:0_::_",
                        "resourceKindName": "Virtual Machine",
                        "unit": "vCPUs",
                        "yellowBound": 0
                     },
                     {
                        "colorMethod": 0,
                        "id": "extModel60480-2",
                        "isStringMetric": false,
                        "label": "",
                        "link": "",
                        "metricKey": "cpu|usage_average",
                        "metricName": "CPU|Usage",
                        "metricUnitId": "percent",
                        "orangeBound": 90,
                        "redBound": 95,
                        "resourceKindId": "resourceKind:id:0_::_",
                        "resourceKindName": "Virtual Machine",
                        "unit": "%",
                        "yellowBound": 85
                     },
                     {
                        "colorMethod": 0,
                        "id": "extModel60480-3",
                        "isStringMetric": false,
                        "label": "",
                        "link": "",
                        "metricKey": "cpu|demandPct",
                        "metricName": "CPU|Demand",
                        "metricUnitId": "percent",
                        "orangeBound": 90,
                        "redBound": 95,
                        "resourceKindId": "resourceKind:id:0_::_",
                        "resourceKindName": "Virtual Machine",
                        "unit": "%",
                        "yellowBound": 85
                     },
                     {
                        "colorMethod": 0,
                        "id": "extModel60480-4",
                        "isStringMetric": false,
                        "label": "",
                        "link": "",
                        "metricKey": "cpu|readyPct",
                        "metricName": "CPU|Ready",
                        "metricUnitId": "percent",
                        "orangeBound": 6,
                        "redBound": 10,
                        "resourceKindId": "resourceKind:id:0_::_",
                        "resourceKindName": "Virtual Machine",
                        "unit": "%",
                        "yellowBound": 2
                     },
                     {
                        "colorMethod": 0,
                        "id": "extModel60480-5",
                        "isStringMetric": false,
                        "label": "",
                        "link": "",
                        "metricKey": "cpu|costopPct",
                        "metricName": "CPU|Co-stop",
                        "metricUnitId": "percent",
                        "orangeBound": 3,
                        "redBound": 5,
                        "resourceKindId": "resourceKind:id:0_::_",
                        "resourceKindName": "Virtual Machine",
                        "unit": "%",
                        "yellowBound": 1
                     },
                     {
                        "colorMethod": 1,
                        "id": "extModel60480-7",
                        "isStringMetric": false,
                        "metricKey": "guest|contextSwapRate_latest",
                        "metricName": "Guest|Context Swap Rate per second",
                        "metricUnitId": null,
                        "resourceKindId": "resourceKind:id:0_::_",
                        "resourceKindName": "Virtual Machine",
                        "unit": null
                     },
                     {
                        "colorMethod": 1,
                        "id": "extModel60480-6",
                        "isStringMetric": false,
                        "metricKey": "guest|cpu_queue",
                        "metricName": "Guest|CPU Queue",
                        "metricUnitId": null,
                        "resourceKindId": "resourceKind:id:0_::_",
                        "resourceKindName": "Virtual Machine",
                        "unit": null
                     }
                  ],
                  "resourceMetrics": []
               },
               "mode": {"layoutMode": "fixedView"},
               "periodLength": "last24Hour",
               "refreshContent": {"refreshContent": false},
               "refreshInterval": 300,
               "relationshipMode": 0,
               "resInteractionMode": null,
               "roundDecimals": null,
               "selfProvider": {"selfProvider": false},
               "showDT": {"showDT": false},
               "showMetricName": {"showMetricName": true},
               "showMetricUnit": {"showMetricUnit": true},
               "showResourceName": {"showResourceName": false},
               "showSparkline": {"showSparkline": true},
               "title": "CPU KPIs (Last 24 Hours)",
               "valueSize": 24,
               "visualTheme": 7
            },
            "gridsterCoords": {
               "h": 12,
               "w": 3,
               "x": 1,
               "y": 19
            },
            "height": 666,
            "id": "d237404e-c7bd-43cf-a907-af07a027ad20",
            "title": "CPU KPIs (Last 24 Hours)",
            "type": "Scoreboard"
         },
         {
            "collapsed": false,
            "config": {
               "boxColumns": 1,
               "boxHeight": null,
               "labelSize": 12,
               "maxCellCount": 100,
               "metric": {
                  "mode": "resourceKind",
                  "resourceKindMetrics": [
                     {
                        "colorMethod": 0,
                        "id": "extModel63421-1",
                        "isStringMetric": false,
                        "label": "",
                        "link": "",
                        "metricKey": "mem|guest_provisioned",
                        "metricName": "Memory|Total Capacity",
                        "metricUnitId": "gb",
                        "orangeBound": 0,
                        "redBound": 0,
                        "resourceKindId": "resourceKind:id:0_::_",
                        "resourceKindName": "Virtual Machine",
                        "unit": "GB",
                        "yellowBound": 0
                     },
                     {
                        "colorMethod": 0,
                        "id": "extModel63421-2",
                        "isStringMetric": false,
                        "label": "",
                        "link": "",
                        "metricKey": "mem|usage_average",
                        "metricName": "Memory|Usage",
                        "metricUnitId": "percent",
                        "orangeBound": 90,
                        "redBound": 95,
                        "resourceKindId": "resourceKind:id:0_::_",
                        "resourceKindName": "Virtual Machine",
                        "unit": "%",
                        "yellowBound": 85
                     },
                     {
                        "colorMethod": 0,
                        "id": "extModel3244-1",
                        "isStringMetric": false,
                        "label": "",
                        "link": "",
                        "metricKey": "mem|vmMemoryDemand",
                        "metricName": "Memory|Utilization",
                        "metricUnitId": "gb",
                        "orangeBound": 0,
                        "redBound": 0,
                        "resourceKindId": "resourceKind:id:0_::_",
                        "resourceKindName": "Virtual Machine",
                        "unit": "GB",
                        "yellowBound": 0
                     },
                     {
                        "colorMethod": 0,
                        "id": "extModel64672-1",
                        "isStringMetric": false,
                        "label": "",
                        "link": "",
                        "metricKey": "mem|workload",
                        "metricName": "Memory|Workload",
                        "metricUnitId": "percent",
                        "orangeBound": 90,
                        "redBound": 95,
                        "resourceKindId": "resourceKind:id:0_::_",
                        "resourceKindName": "Virtual Machine",
                        "unit": "%",
                        "yellowBound": 85
                     },
                     {
                        "colorMethod": 0,
                        "id": "extModel63421-3",
                        "isStringMetric": false,
                        "label": "",
                        "link": "",
                        "metricKey": "mem|host_contentionPct",
                        "metricName": "Memory|Contention",
                        "metricUnitId": "percent",
                        "orangeBound": 3,
                        "redBound": 5,
                        "resourceKindId": "resourceKind:id:0_::_",
                        "resourceKindName": "Virtual Machine",
                        "unit": "%",
                        "yellowBound": 1
                     },
                     {
                        "colorMethod": 0,
                        "id": "extModel63421-4",
                        "isStringMetric": false,
                        "label": "",
                        "link": "",
                        "metricKey": "mem|swapinRate_average",
                        "metricName": "Memory|Swap In Rate",
                        "metricUnitId": "mbps",
                        "orangeBound": 4096,
                        "redBound": 8192,
                        "resourceKindId": "resourceKind:id:0_::_",
                        "resourceKindName": "Virtual Machine",
                        "unit": "MBps",
                        "yellowBound": 1024
                     },
                     {
                        "colorMethod": 0,
                        "id": "extModel63421-5",
                        "isStringMetric": false,
                        "label": "",
                        "link": "",
                        "metricKey": "mem|balloonPct",
                        "metricName": "Memory|Balloon",
                        "metricUnitId": "percent",
                        "orangeBound": 2,
                        "redBound": 5,
                        "resourceKindId": "resourceKind:id:0_::_",
                        "resourceKindName": "Virtual Machine",
                        "unit": "%",
                        "yellowBound": 1
                     },
                     {
                        "colorMethod": 0,
                        "id": "extModel64672-2",
                        "isStringMetric": false,
                        "label": "",
                        "link": "",
                        "metricKey": "guest|page.inRate_latest",
                        "metricName": "Guest|Page In Rate per second",
                        "metricUnitId": null,
                        "orangeBound": 4096,
                        "redBound": 8192,
                        "resourceKindId": "resourceKind:id:0_::_",
                        "resourceKindName": "Virtual Machine",
                        "unit": "",
                        "yellowBound": 1024
                     }
                  ],
                  "resourceMetrics": []
               },
               "mode": {"layoutMode": "fixedView"},
               "periodLength": null,
               "refreshContent": {"refreshContent": false},
               "refreshInterval": 300,
               "relationshipMode": 0,
               "resInteractionMode": null,
               "roundDecimals": null,
               "selfProvider": {"selfProvider": false},
               "showDT": {"showDT": false},
               "showMetricName": {"showMetricName": true},
               "showMetricUnit": {"showMetricUnit": true},
               "showResourceName": {"showResourceName": false},
               "showSparkline": {"showSparkline": true},
               "title": "Memory KPIs (Last 24 Hours)",
               "valueSize": 24,
               "visualTheme": 7
            },
            "gridsterCoords": {
               "h": 12,
               "w": 3,
               "x": 4,
               "y": 19
            },
            "height": 666,
            "id": "d5c03296-8696-45da-b300-e72b2e22db1d",
            "title": "Memory KPIs (Last 24 Hours)",
            "type": "Scoreboard"
         },
         {
            "collapsed": false,
            "config": {
               "boxColumns": 1,
               "boxHeight": null,
               "labelSize": 12,
               "maxCellCount": 100,
               "metric": {
                  "mode": "resourceKind",
                  "resourceKindMetrics": [
                     {
                        "colorMethod": 0,
                        "id": "extModel65731-1",
                        "isStringMetric": false,
                        "label": "",
                        "link": "",
                        "metricKey": "diskspace|provisionedSpace",
                        "metricName": "Disk Space|Provisioned Space for VM",
                        "metricUnitId": "gb",
                        "orangeBound": 0,
                        "redBound": 0,
                        "resourceKindId": "resourceKind:id:0_::_",
                        "resourceKindName": "Virtual Machine",
                        "unit": "GB",
                        "yellowBound": 0
                     },
                     {
                        "colorMethod": 0,
                        "id": "extModel65731-7",
                        "isStringMetric": false,
                        "label": "",
                        "link": "",
                        "metricKey": "diskspace|snapshot",
                        "metricName": "Disk Space|Snapshot Space",
                        "metricUnitId": "gb",
                        "orangeBound": 1,
                        "redBound": 1.5,
                        "resourceKindId": "resourceKind:id:0_::_",
                        "resourceKindName": "Virtual Machine",
                        "unit": "GB",
                        "yellowBound": 0.5
                     },
                     {
                        "colorMethod": 0,
                        "id": "extModel3189-3",
                        "isStringMetric": false,
                        "label": "",
                        "link": "",
                        "metricKey": "virtualDisk:Aggregate of all instances|usage",
                        "metricName": "Virtual Disk:Aggregate of all instances|Total Throughput",
                        "metricUnitId": -1,
                        "orangeBound": 0,
                        "redBound": 0,
                        "resourceKindId": "resourceKind:id:0_::_",
                        "resourceKindName": "Virtual Machine",
                        "unit": "Auto",
                        "yellowBound": 0
                     },
                     {
                        "colorMethod": 0,
                        "id": "extModel3189-1",
                        "isStringMetric": false,
                        "label": "",
                        "link": "",
                        "metricKey": "virtualDisk:Aggregate of all instances|commandsAveraged_average",
                        "metricName": "Virtual Disk:Aggregate of all instances|Total IOPS",
                        "metricUnitId": null,
                        "orangeBound": 0,
                        "redBound": 0,
                        "resourceKindId": "resourceKind:id:0_::_",
                        "resourceKindName": "Virtual Machine",
                        "unit": null,
                        "yellowBound": 0
                     },
                     {
                        "colorMethod": 0,
                        "id": "extModel3189-2",
                        "isStringMetric": false,
                        "label": "",
                        "link": "",
                        "metricKey": "virtualDisk:Aggregate of all instances|totalLatency",
                        "metricName": "Virtual Disk:Aggregate of all instances|Total Latency",
                        "metricUnitId": "msec",
                        "orangeBound": 20,
                        "redBound": 30,
                        "resourceKindId": "resourceKind:id:0_::_",
                        "resourceKindName": "Virtual Machine",
                        "unit": "ms",
                        "yellowBound": 10
                     },
                     {
                        "colorMethod": 0,
                        "id": "extModel65731-6",
                        "isStringMetric": false,
                        "label": "",
                        "link": "",
                        "metricKey": "virtualDisk:Aggregate of all instances|vDiskOIO",
                        "metricName": "Virtual Disk:Aggregate of all instances|Outstanding IO requests",
                        "metricUnitId": "7003",
                        "orangeBound": 32,
                        "redBound": 64,
                        "resourceKindId": "resourceKind:id:0_::_",
                        "resourceKindName": "Virtual Machine",
                        "unit": "OIOs",
                        "yellowBound": 16
                     },
                     {
                        "colorMethod": 0,
                        "id": "extModel66526-1",
                        "isStringMetric": false,
                        "label": "",
                        "link": "",
                        "metricKey": "guest|disk_queue",
                        "metricName": "Guest|Disk Queue",
                        "metricUnitId": null,
                        "orangeBound": 32,
                        "redBound": 64,
                        "resourceKindId": "resourceKind:id:0_::_",
                        "resourceKindName": "Virtual Machine",
                        "unit": null,
                        "yellowBound": 16
                     }
                  ],
                  "resourceMetrics": []
               },
               "mode": {"layoutMode": "fixedView"},
               "periodLength": null,
               "refreshContent": {"refreshContent": false},
               "refreshInterval": 300,
               "relationshipMode": 0,
               "resInteractionMode": null,
               "roundDecimals": null,
               "selfProvider": {"selfProvider": false},
               "showDT": {"showDT": false},
               "showMetricName": {"showMetricName": true},
               "showMetricUnit": {"showMetricUnit": true},
               "showResourceName": {"showResourceName": false},
               "showSparkline": {"showSparkline": true},
               "title": "Disk KPI (Last 24 Hours)",
               "valueSize": 24,
               "visualTheme": 7
            },
            "gridsterCoords": {
               "h": 12,
               "w": 3,
               "x": 7,
               "y": 19
            },
            "height": 666,
            "id": "c5838e94-e42d-4058-8dc6-a65727ae1ad5",
            "title": "Disk KPI (Last 24 Hours)",
            "type": "Scoreboard"
         },
         {
            "collapsed": false,
            "config": {
               "boxColumns": 1,
               "boxHeight": null,
               "labelSize": 12,
               "maxCellCount": 100,
               "metric": {
                  "mode": "resourceKind",
                  "resourceKindMetrics": [
                     {
                        "colorMethod": 1,
                        "id": "extModel2025-1",
                        "isStringMetric": false,
                        "metricKey": "net|received_average",
                        "metricName": "Network|Data Receive Rate",
                        "metricUnitId": -1,
                        "resourceKindId": "resourceKind:id:0_::_",
                        "resourceKindName": "Virtual Machine",
                        "unit": "Auto"
                     },
                     {
                        "colorMethod": 1,
                        "id": "extModel2025-2",
                        "isStringMetric": false,
                        "metricKey": "net|transmitted_average",
                        "metricName": "Network|Data Transmit Rate",
                        "metricUnitId": -1,
                        "resourceKindId": "resourceKind:id:0_::_",
                        "resourceKindName": "Virtual Machine",
                        "unit": "Auto"
                     },
                     {
                        "colorMethod": 0,
                        "id": "extModel2025-3",
                        "isStringMetric": false,
                        "label": "",
                        "link": "",
                        "metricKey": "net|droppedTx_summation",
                        "metricName": "Network|Transmitted Packets Dropped",
                        "metricUnitId": null,
                        "orangeBound": 2,
                        "redBound": 3,
                        "resourceKindId": "resourceKind:id:0_::_",
                        "resourceKindName": "Virtual Machine",
                        "unit": "",
                        "yellowBound": 1
                     }
                  ],
                  "resourceMetrics": []
               },
               "mode": {"layoutMode": "fixedView"},
               "periodLength": null,
               "refreshContent": {"refreshContent": false},
               "refreshInterval": 300,
               "relationshipMode": 0,
               "resInteractionMode": null,
               "roundDecimals": null,
               "selfProvider": {"selfProvider": false},
               "showDT": {"showDT": false},
               "showMetricName": {"showMetricName": true},
               "showMetricUnit": {"showMetricUnit": true},
               "showResourceName": {"showResourceName": false},
               "showSparkline": {"showSparkline": true},
               "title": "Network KPI (Last 24 Hours)",
               "valueSize": 24,
               "visualTheme": 7
            },
            "gridsterCoords": {
               "h": 6,
               "w": 3,
               "x": 10,
               "y": 19
            },
            "height": 324,
            "id": "708987f7-7c41-449f-b977-d06f653de508",
            "title": "Network KPI (Last 24 Hours)",
            "type": "Scoreboard"
         },
         {
            "collapsed": false,
            "config": {},
            "gridsterCoords": {
               "h": 6,
               "w": 6,
               "x": 1,
               "y": 13
            },
            "height": 324,
            "id": "b4b6e0a2-e7af-4b72-9077-4d984fbcc877",
            "title": "Top Alerts",
            "type": "ProblemAlertsList"
         },
         {
            "collapsed": false,
            "config": {},
            "gridsterCoords": {
               "h": 6,
               "w": 8,
               "x": 5,
               "y": 1
            },
            "height": 324,
            "id": "919d2a50-3c96-4a9e-a484-341489496d6a",
            "states": [
               {
                  "key": "perm_toolbarVisible_widget_9d066e95-4c73-486d-ae2f-ee4c33673def_919d2a50-3c96-4a9e-a484-341489496d6a",
                  "value": "b%3A0"
               },
               {
                  "key": "perm_ResourceRelationshipTree_widget_9d066e95-4c73-486d-ae2f-ee4c33673def_919d2a50-3c96-4a9e-a484-341489496d6a",
                  "value": "o%3A"
               }
            ],
            "title": "Object Relationship (Advanced)",
            "type": "ResourceRelationshipAdvanced"
         }
      ]
   }],
   "entries": {"resourceKind": [{
      "adapterKindKey": "VMWARE",
      "internalId": "resourceKind:id:0_::_",
      "resourceKindKey": "VirtualMachine"
   }]},
   "uuid": "49858b0e-83e0-45db-982f-3dcf8c8d0eb3"
}